id,cliente,monto,estado
PERF-000001,Customer 1,1003,Activo
PERF-000002,Customer 2,1006,Inactivo
PERF-000003,Customer 3,1009,Pendiente
PERF-000004,Customer 4,1012,Inactivo
PERF-000005,Customer 5,1015,Activo
PERF-000006,Customer 6,1018,Pendiente
PERF-000007,Customer 7,1021,Activo
PERF-000008,Customer 8,1024,Inactivo
PERF-000009,Customer 9,1027,Pendiente
PERF-000010,Customer 10,1030,Inactivo
PERF-000011,Customer 11,1033,Activo
PERF-000012,Customer 12,1036,Pendiente
PERF-000013,Customer 13,1039,Activo
PERF-000014,Customer 14,1042,Inactivo
PERF-000015,Customer 15,1045,Pendiente
PERF-000016,Customer 16,1048,Inactivo
PERF-000017,Customer 17,1051,Activo
PERF-000018,Customer 18,1054,Pendiente
PERF-000019,Customer 19,1057,Activo
PERF-000020,Customer 20,1060,Inactivo
PERF-000021,Customer 21,1063,Pendiente
PERF-000022,Customer 22,1066,Inactivo
PERF-000023,Customer 23,1069,Activo
PERF-000024,Customer 24,1072,Pendiente
PERF-000025,Customer 25,1075,Activo
PERF-000026,Customer 26,1078,Inactivo
PERF-000027,Customer 27,1081,Pendiente
PERF-000028,Customer 28,1084,Inactivo
PERF-000029,Customer 29,1087,Activo
PERF-000030,Customer 30,1090,Pendiente
PERF-000031,Customer 31,1093,Activo
PERF-000032,Customer 32,1096,Inactivo
PERF-000033,Customer 33,1099,Pendiente
PERF-000034,Customer 34,1102,Inactivo
PERF-000035,Customer 35,1105,Activo
PERF-000036,Customer 36,1108,Pendiente
PERF-000037,Customer 37,1111,Activo
PERF-000038,Customer 38,1114,Inactivo
PERF-000039,Customer 39,1117,Pendiente
PERF-000040,Customer 40,1120,Inactivo
PERF-000041,Customer 41,1123,Activo
PERF-000042,Customer 42,1126,Pendiente
PERF-000043,Customer 43,1129,Activo
PERF-000044,Customer 44,1132,Inactivo
PERF-000045,Customer 45,1135,Pendiente
PERF-000046,Customer 46,1138,Inactivo
PERF-000047,Customer 47,1141,Activo
PERF-000048,Customer 48,1144,Pendiente
PERF-000049,Customer 49,1147,Activo
PERF-000050,Customer 50,1150,Inactivo
PERF-000051,Customer 51,1153,Pendiente
PERF-000052,Customer 52,1156,Inactivo
PERF-000053,Customer 53,1159,Activo
PERF-000054,Customer 54,1162,Pendiente
PERF-000055,Customer 55,1165,Activo
PERF-000056,Customer 56,1168,Inactivo
PERF-000057,Customer 57,1171,Pendiente
PERF-000058,Customer 58,1174,Inactivo
PERF-000059,Customer 59,1177,Activo
PERF-000060,Customer 60,1180,Pendiente
PERF-000061,Customer 61,1183,Activo
PERF-000062,Customer 62,1186,Inactivo
PERF-000063,Customer 63,1189,Pendiente
PERF-000064,Customer 64,1192,Inactivo
PERF-000065,Customer 65,1195,Activo
PERF-000066,Customer 66,1198,Pendiente
PERF-000067,Customer 67,1201,Activo
PERF-000068,Customer 68,1204,Inactivo
PERF-000069,Customer 69,1207,Pendiente
PERF-000070,Customer 70,1210,Inactivo
PERF-000071,Customer 71,1213,Activo
PERF-000072,Customer 72,1216,Pendiente
PERF-000073,Customer 73,1219,Activo
PERF-000074,Customer 74,1222,Inactivo
PERF-000075,Customer 75,1225,Pendiente
PERF-000076,Customer 76,1228,Inactivo
PERF-000077,Customer 77,1231,Activo
PERF-000078,Customer 78,1234,Pendiente
PERF-000079,Customer 79,1237,Activo
PERF-000080,Customer 80,1240,Inactivo
PERF-000081,Customer 81,1243,Pendiente
PERF-000082,Customer 82,1246,Inactivo
PERF-000083,Customer 83,1249,Activo
PERF-000084,Customer 84,1252,Pendiente
PERF-000085,Customer 85,1255,Activo
PERF-000086,Customer 86,1258,Inactivo
PERF-000087,Customer 87,1261,Pendiente
PERF-000088,Customer 88,1264,Inactivo
PERF-000089,Customer 89,1267,Activo
PERF-000090,Customer 90,1270,Pendiente
PERF-000091,Customer 91,1273,Activo
PERF-000092,Customer 92,1276,Inactivo
PERF-000093,Customer 93,1279,Pendiente
PERF-000094,Customer 94,1282,Inactivo
PERF-000095,Customer 95,1285,Activo
PERF-000096,Customer 96,1288,Pendiente
PERF-000097,Customer 97,1291,Activo
PERF-000098,Customer 98,1294,Inactivo
PERF-000099,Customer 99,1297,Pendiente
PERF-000100,Customer 100,1300,Inactivo
PERF-000101,Customer 101,1303,Activo
PERF-000102,Customer 102,1306,Pendiente
PERF-000103,Customer 103,1309,Activo
PERF-000104,Customer 104,1312,Inactivo
PERF-000105,Customer 105,1315,Pendiente
PERF-000106,Customer 106,1318,Inactivo
PERF-000107,Customer 107,1321,Activo
PERF-000108,Customer 108,1324,Pendiente
PERF-000109,Customer 109,1327,Activo
PERF-000110,Customer 110,1330,Inactivo
PERF-000111,Customer 111,1333,Pendiente
PERF-000112,Customer 112,1336,Inactivo
PERF-000113,Customer 113,1339,Activo
PERF-000114,Customer 114,1342,Pendiente
PERF-000115,Customer 115,1345,Activo
PERF-000116,Customer 116,1348,Inactivo
PERF-000117,Customer 117,1351,Pendiente
PERF-000118,Customer 118,1354,Inactivo
PERF-000119,Customer 119,1357,Activo
PERF-000120,Customer 120,1360,Pendiente
PERF-000121,Customer 121,1363,Activo
PERF-000122,Customer 122,1366,Inactivo
PERF-000123,Customer 123,1369,Pendiente
PERF-000124,Customer 124,1372,Inactivo
PERF-000125,Customer 125,1375,Activo
PERF-000126,Customer 126,1378,Pendiente
PERF-000127,Customer 127,1381,Activo
PERF-000128,Customer 128,1384,Inactivo
PERF-000129,Customer 129,1387,Pendiente
PERF-000130,Customer 130,1390,Inactivo
PERF-000131,Customer 131,1393,Activo
PERF-000132,Customer 132,1396,Pendiente
PERF-000133,Customer 133,1399,Activo
PERF-000134,Customer 134,1402,Inactivo
PERF-000135,Customer 135,1405,Pendiente
PERF-000136,Customer 136,1408,Inactivo
PERF-000137,Customer 137,1411,Activo
PERF-000138,Customer 138,1414,Pendiente
PERF-000139,Customer 139,1417,Activo
PERF-000140,Customer 140,1420,Inactivo
PERF-000141,Customer 141,1423,Pendiente
PERF-000142,Customer 142,1426,Inactivo
PERF-000143,Customer 143,1429,Activo
PERF-000144,Customer 144,1432,Pendiente
PERF-000145,Customer 145,1435,Activo
PERF-000146,Customer 146,1438,Inactivo
PERF-000147,Customer 147,1441,Pendiente
PERF-000148,Customer 148,1444,Inactivo
PERF-000149,Customer 149,1447,Activo
PERF-000150,Customer 150,1450,Pendiente
PERF-000151,Customer 151,1453,Activo
PERF-000152,Customer 152,1456,Inactivo
PERF-000153,Customer 153,1459,Pendiente
PERF-000154,Customer 154,1462,Inactivo
PERF-000155,Customer 155,1465,Activo
PERF-000156,Customer 156,1468,Pendiente
PERF-000157,Customer 157,1471,Activo
PERF-000158,Customer 158,1474,Inactivo
PERF-000159,Customer 159,1477,Pendiente
PERF-000160,Customer 160,1480,Inactivo
PERF-000161,Customer 161,1483,Activo
PERF-000162,Customer 162,1486,Pendiente
PERF-000163,Customer 163,1489,Activo
PERF-000164,Customer 164,1492,Inactivo
PERF-000165,Customer 165,1495,Pendiente
PERF-000166,Customer 166,1498,Inactivo
PERF-000167,Customer 167,1501,Activo
PERF-000168,Customer 168,1504,Pendiente
PERF-000169,Customer 169,1507,Activo
PERF-000170,Customer 170,1510,Inactivo
PERF-000171,Customer 171,1513,Pendiente
PERF-000172,Customer 172,1516,Inactivo
PERF-000173,Customer 173,1519,Activo
PERF-000174,Customer 174,1522,Pendiente
PERF-000175,Customer 175,1525,Activo
PERF-000176,Customer 176,1528,Inactivo
PERF-000177,Customer 177,1531,Pendiente
PERF-000178,Customer 178,1534,Inactivo
PERF-000179,Customer 179,1537,Activo
PERF-000180,Customer 180,1540,Pendiente
PERF-000181,Customer 181,1543,Activo
PERF-000182,Customer 182,1546,Inactivo
PERF-000183,Customer 183,1549,Pendiente
PERF-000184,Customer 184,1552,Inactivo
PERF-000185,Customer 185,1555,Activo
PERF-000186,Customer 186,1558,Pendiente
PERF-000187,Customer 187,1561,Activo
PERF-000188,Customer 188,1564,Inactivo
PERF-000189,Customer 189,1567,Pendiente
PERF-000190,Customer 190,1570,Inactivo
PERF-000191,Customer 191,1573,Activo
PERF-000192,Customer 192,1576,Pendiente
PERF-000193,Customer 193,1579,Activo
PERF-000194,Customer 194,1582,Inactivo
PERF-000195,Customer 195,1585,Pendiente
PERF-000196,Customer 196,1588,Inactivo
PERF-000197,Customer 197,1591,Activo
PERF-000198,Customer 198,1594,Pendiente
PERF-000199,Customer 199,1597,Activo
PERF-000200,Customer 200,1600,Inactivo
PERF-000201,Customer 201,1603,Pendiente
PERF-000202,Customer 202,1606,Inactivo
PERF-000203,Customer 203,1609,Activo
PERF-000204,Customer 204,1612,Pendiente
PERF-000205,Customer 205,1615,Activo
PERF-000206,Customer 206,1618,Inactivo
PERF-000207,Customer 207,1621,Pendiente
PERF-000208,Customer 208,1624,Inactivo
PERF-000209,Customer 209,1627,Activo
PERF-000210,Customer 210,1630,Pendiente
PERF-000211,Customer 211,1633,Activo
PERF-000212,Customer 212,1636,Inactivo
PERF-000213,Customer 213,1639,Pendiente
PERF-000214,Customer 214,1642,Inactivo
PERF-000215,Customer 215,1645,Activo
PERF-000216,Customer 216,1648,Pendiente
PERF-000217,Customer 217,1651,Activo
PERF-000218,Customer 218,1654,Inactivo
PERF-000219,Customer 219,1657,Pendiente
PERF-000220,Customer 220,1660,Inactivo
PERF-000221,Customer 221,1663,Activo
PERF-000222,Customer 222,1666,Pendiente
PERF-000223,Customer 223,1669,Activo
PERF-000224,Customer 224,1672,Inactivo
PERF-000225,Customer 225,1675,Pendiente
PERF-000226,Customer 226,1678,Inactivo
PERF-000227,Customer 227,1681,Activo
PERF-000228,Customer 228,1684,Pendiente
PERF-000229,Customer 229,1687,Activo
PERF-000230,Customer 230,1690,Inactivo
PERF-000231,Customer 231,1693,Pendiente
PERF-000232,Customer 232,1696,Inactivo
PERF-000233,Customer 233,1699,Activo
PERF-000234,Customer 234,1702,Pendiente
PERF-000235,Customer 235,1705,Activo
PERF-000236,Customer 236,1708,Inactivo
PERF-000237,Customer 237,1711,Pendiente
PERF-000238,Customer 238,1714,Inactivo
PERF-000239,Customer 239,1717,Activo
PERF-000240,Customer 240,1720,Pendiente
PERF-000241,Customer 241,1723,Activo
PERF-000242,Customer 242,1726,Inactivo
PERF-000243,Customer 243,1729,Pendiente
PERF-000244,Customer 244,1732,Inactivo
PERF-000245,Customer 245,1735,Activo
PERF-000246,Customer 246,1738,Pendiente
PERF-000247,Customer 247,1741,Activo
PERF-000248,Customer 248,1744,Inactivo
PERF-000249,Customer 249,1747,Pendiente
PERF-000250,Customer 250,1750,Inactivo
PERF-000251,Customer 251,1753,Activo
PERF-000252,Customer 252,1756,Pendiente
PERF-000253,Customer 253,1759,Activo
PERF-000254,Customer 254,1762,Inactivo
PERF-000255,Customer 255,1765,Pendiente
PERF-000256,Customer 256,1768,Inactivo
PERF-000257,Customer 257,1771,Activo
PERF-000258,Customer 258,1774,Pendiente
PERF-000259,Customer 259,1777,Activo
PERF-000260,Customer 260,1780,Inactivo
PERF-000261,Customer 261,1783,Pendiente
PERF-000262,Customer 262,1786,Inactivo
PERF-000263,Customer 263,1789,Activo
PERF-000264,Customer 264,1792,Pendiente
PERF-000265,Customer 265,1795,Activo
PERF-000266,Customer 266,1798,Inactivo
PERF-000267,Customer 267,1801,Pendiente
PERF-000268,Customer 268,1804,Inactivo
PERF-000269,Customer 269,1807,Activo
PERF-000270,Customer 270,1810,Pendiente
PERF-000271,Customer 271,1813,Activo
PERF-000272,Customer 272,1816,Inactivo
PERF-000273,Customer 273,1819,Pendiente
PERF-000274,Customer 274,1822,Inactivo
PERF-000275,Customer 275,1825,Activo
PERF-000276,Customer 276,1828,Pendiente
PERF-000277,Customer 277,1831,Activo
PERF-000278,Customer 278,1834,Inactivo
PERF-000279,Customer 279,1837,Pendiente
PERF-000280,Customer 280,1840,Inactivo
PERF-000281,Customer 281,1843,Activo
PERF-000282,Customer 282,1846,Pendiente
PERF-000283,Customer 283,1849,Activo
PERF-000284,Customer 284,1852,Inactivo
PERF-000285,Customer 285,1855,Pendiente
PERF-000286,Customer 286,1858,Inactivo
PERF-000287,Customer 287,1861,Activo
PERF-000288,Customer 288,1864,Pendiente
PERF-000289,Customer 289,1867,Activo
PERF-000290,Customer 290,1870,Inactivo
PERF-000291,Customer 291,1873,Pendiente
PERF-000292,Customer 292,1876,Inactivo
PERF-000293,Customer 293,1879,Activo
PERF-000294,Customer 294,1882,Pendiente
PERF-000295,Customer 295,1885,Activo
PERF-000296,Customer 296,1888,Inactivo
PERF-000297,Customer 297,1891,Pendiente
PERF-000298,Customer 298,1894,Inactivo
PERF-000299,Customer 299,1897,Activo
PERF-000300,Customer 300,1900,Pendiente
PERF-000301,Customer 301,1903,Activo
PERF-000302,Customer 302,1906,Inactivo
PERF-000303,Customer 303,1909,Pendiente
PERF-000304,Customer 304,1912,Inactivo
PERF-000305,Customer 305,1915,Activo
PERF-000306,Customer 306,1918,Pendiente
PERF-000307,Customer 307,1921,Activo
PERF-000308,Customer 308,1924,Inactivo
PERF-000309,Customer 309,1927,Pendiente
PERF-000310,Customer 310,1930,Inactivo
PERF-000311,Customer 311,1933,Activo
PERF-000312,Customer 312,1936,Pendiente
PERF-000313,Customer 313,1939,Activo
PERF-000314,Customer 314,1942,Inactivo
PERF-000315,Customer 315,1945,Pendiente
PERF-000316,Customer 316,1948,Inactivo
PERF-000317,Customer 317,1951,Activo
PERF-000318,Customer 318,1954,Pendiente
PERF-000319,Customer 319,1957,Activo
PERF-000320,Customer 320,1960,Inactivo
PERF-000321,Customer 321,1963,Pendiente
PERF-000322,Customer 322,1966,Inactivo
PERF-000323,Customer 323,1969,Activo
PERF-000324,Customer 324,1972,Pendiente
PERF-000325,Customer 325,1975,Activo
PERF-000326,Customer 326,1978,Inactivo
PERF-000327,Customer 327,1981,Pendiente
PERF-000328,Customer 328,1984,Inactivo
PERF-000329,Customer 329,1987,Activo
PERF-000330,Customer 330,1990,Pendiente
PERF-000331,Customer 331,1993,Activo
PERF-000332,Customer 332,1996,Inactivo
PERF-000333,Customer 333,1999,Pendiente
PERF-000334,Customer 334,2002,Inactivo
PERF-000335,Customer 335,2005,Activo
PERF-000336,Customer 336,2008,Pendiente
PERF-000337,Customer 337,2011,Activo
PERF-000338,Customer 338,2014,Inactivo
PERF-000339,Customer 339,2017,Pendiente
PERF-000340,Customer 340,2020,Inactivo
PERF-000341,Customer 341,2023,Activo
PERF-000342,Customer 342,2026,Pendiente
PERF-000343,Customer 343,2029,Activo
PERF-000344,Customer 344,2032,Inactivo
PERF-000345,Customer 345,2035,Pendiente
PERF-000346,Customer 346,2038,Inactivo
PERF-000347,Customer 347,2041,Activo
PERF-000348,Customer 348,2044,Pendiente
PERF-000349,Customer 349,2047,Activo
PERF-000350,Customer 350,2050,Inactivo
PERF-000351,Customer 351,2053,Pendiente
PERF-000352,Customer 352,2056,Inactivo
PERF-000353,Customer 353,2059,Activo
PERF-000354,Customer 354,2062,Pendiente
PERF-000355,Customer 355,2065,Activo
PERF-000356,Customer 356,2068,Inactivo
PERF-000357,Customer 357,2071,Pendiente
PERF-000358,Customer 358,2074,Inactivo
PERF-000359,Customer 359,2077,Activo
PERF-000360,Customer 360,2080,Pendiente
PERF-000361,Customer 361,2083,Activo
PERF-000362,Customer 362,2086,Inactivo
PERF-000363,Customer 363,2089,Pendiente
PERF-000364,Customer 364,2092,Inactivo
PERF-000365,Customer 365,2095,Activo
PERF-000366,Customer 366,2098,Pendiente
PERF-000367,Customer 367,2101,Activo
PERF-000368,Customer 368,2104,Inactivo
PERF-000369,Customer 369,2107,Pendiente
PERF-000370,Customer 370,2110,Inactivo
PERF-000371,Customer 371,2113,Activo
PERF-000372,Customer 372,2116,Pendiente
PERF-000373,Customer 373,2119,Activo
PERF-000374,Customer 374,2122,Inactivo
PERF-000375,Customer 375,2125,Pendiente
PERF-000376,Customer 376,2128,Inactivo
PERF-000377,Customer 377,2131,Activo
PERF-000378,Customer 378,2134,Pendiente
PERF-000379,Customer 379,2137,Activo
PERF-000380,Customer 380,2140,Inactivo
PERF-000381,Customer 381,2143,Pendiente
PERF-000382,Customer 382,2146,Inactivo
PERF-000383,Customer 383,2149,Activo
PERF-000384,Customer 384,2152,Pendiente
PERF-000385,Customer 385,2155,Activo
PERF-000386,Customer 386,2158,Inactivo
PERF-000387,Customer 387,2161,Pendiente
PERF-000388,Customer 388,2164,Inactivo
PERF-000389,Customer 389,2167,Activo
PERF-000390,Customer 390,2170,Pendiente
PERF-000391,Customer 391,2173,Activo
PERF-000392,Customer 392,2176,Inactivo
PERF-000393,Customer 393,2179,Pendiente
PERF-000394,Customer 394,2182,Inactivo
PERF-000395,Customer 395,2185,Activo
PERF-000396,Customer 396,2188,Pendiente
PERF-000397,Customer 397,2191,Activo
PERF-000398,Customer 398,2194,Inactivo
PERF-000399,Customer 399,2197,Pendiente
PERF-000400,Customer 400,2200,Inactivo
PERF-000401,Customer 401,2203,Activo
PERF-000402,Customer 402,2206,Pendiente
PERF-000403,Customer 403,2209,Activo
PERF-000404,Customer 404,2212,Inactivo
PERF-000405,Customer 405,2215,Pendiente
PERF-000406,Customer 406,2218,Inactivo
PERF-000407,Customer 407,2221,Activo
PERF-000408,Customer 408,2224,Pendiente
PERF-000409,Customer 409,2227,Activo
PERF-000410,Customer 410,2230,Inactivo
PERF-000411,Customer 411,2233,Pendiente
PERF-000412,Customer 412,2236,Inactivo
PERF-000413,Customer 413,2239,Activo
PERF-000414,Customer 414,2242,Pendiente
PERF-000415,Customer 415,2245,Activo
PERF-000416,Customer 416,2248,Inactivo
PERF-000417,Customer 417,2251,Pendiente
PERF-000418,Customer 418,2254,Inactivo
PERF-000419,Customer 419,2257,Activo
PERF-000420,Customer 420,2260,Pendiente
PERF-000421,Customer 421,2263,Activo
PERF-000422,Customer 422,2266,Inactivo
PERF-000423,Customer 423,2269,Pendiente
PERF-000424,Customer 424,2272,Inactivo
PERF-000425,Customer 425,2275,Activo
PERF-000426,Customer 426,2278,Pendiente
PERF-000427,Customer 427,2281,Activo
PERF-000428,Customer 428,2284,Inactivo
PERF-000429,Customer 429,2287,Pendiente
PERF-000430,Customer 430,2290,Inactivo
PERF-000431,Customer 431,2293,Activo
PERF-000432,Customer 432,2296,Pendiente
PERF-000433,Customer 433,2299,Activo
PERF-000434,Customer 434,2302,Inactivo
PERF-000435,Customer 435,2305,Pendiente
PERF-000436,Customer 436,2308,Inactivo
PERF-000437,Customer 437,2311,Activo
PERF-000438,Customer 438,2314,Pendiente
PERF-000439,Customer 439,2317,Activo
PERF-000440,Customer 440,2320,Inactivo
PERF-000441,Customer 441,2323,Pendiente
PERF-000442,Customer 442,2326,Inactivo
PERF-000443,Customer 443,2329,Activo
PERF-000444,Customer 444,2332,Pendiente
PERF-000445,Customer 445,2335,Activo
PERF-000446,Customer 446,2338,Inactivo
PERF-000447,Customer 447,2341,Pendiente
PERF-000448,Customer 448,2344,Inactivo
PERF-000449,Customer 449,2347,Activo
PERF-000450,Customer 450,2350,Pendiente
PERF-000451,Customer 451,2353,Activo
PERF-000452,Customer 452,2356,Inactivo
PERF-000453,Customer 453,2359,Pendiente
PERF-000454,Customer 454,2362,Inactivo
PERF-000455,Customer 455,2365,Activo
PERF-000456,Customer 456,2368,Pendiente
PERF-000457,Customer 457,2371,Activo
PERF-000458,Customer 458,2374,Inactivo
PERF-000459,Customer 459,2377,Pendiente
PERF-000460,Customer 460,2380,Inactivo
PERF-000461,Customer 461,2383,Activo
PERF-000462,Customer 462,2386,Pendiente
PERF-000463,Customer 463,2389,Activo
PERF-000464,Customer 464,2392,Inactivo
PERF-000465,Customer 465,2395,Pendiente
PERF-000466,Customer 466,2398,Inactivo
PERF-000467,Customer 467,2401,Activo
PERF-000468,Customer 468,2404,Pendiente
PERF-000469,Customer 469,2407,Activo
PERF-000470,Customer 470,2410,Inactivo
PERF-000471,Customer 471,2413,Pendiente
PERF-000472,Customer 472,2416,Inactivo
PERF-000473,Customer 473,2419,Activo
PERF-000474,Customer 474,2422,Pendiente
PERF-000475,Customer 475,2425,Activo
PERF-000476,Customer 476,2428,Inactivo
PERF-000477,Customer 477,2431,Pendiente
PERF-000478,Customer 478,2434,Inactivo
PERF-000479,Customer 479,2437,Activo
PERF-000480,Customer 480,2440,Pendiente
PERF-000481,Customer 481,2443,Activo
PERF-000482,Customer 482,2446,Inactivo
PERF-000483,Customer 483,2449,Pendiente
PERF-000484,Customer 484,2452,Inactivo
PERF-000485,Customer 485,2455,Activo
PERF-000486,Customer 486,2458,Pendiente
PERF-000487,Customer 487,2461,Activo
PERF-000488,Customer 488,2464,Inactivo
PERF-000489,Customer 489,2467,Pendiente
PERF-000490,Customer 490,2470,Inactivo
PERF-000491,Customer 491,2473,Activo
PERF-000492,Customer 492,2476,Pendiente
PERF-000493,Customer 493,2479,Activo
PERF-000494,Customer 494,2482,Inactivo
PERF-000495,Customer 495,2485,Pendiente
PERF-000496,Customer 496,2488,Inactivo
PERF-000497,Customer 497,2491,Activo
PERF-000498,Customer 498,2494,Pendiente
PERF-000499,Customer 499,2497,Activo
PERF-000500,Customer 500,2500,Inactivo
PERF-000501,Customer 501,2503,Pendiente
PERF-000502,Customer 502,2506,Inactivo
PERF-000503,Customer 503,2509,Activo
PERF-000504,Customer 504,2512,Pendiente
PERF-000505,Customer 505,2515,Activo
PERF-000506,Customer 506,2518,Inactivo
PERF-000507,Customer 507,2521,Pendiente
PERF-000508,Customer 508,2524,Inactivo
PERF-000509,Customer 509,2527,Activo
PERF-000510,Customer 510,2530,Pendiente
PERF-000511,Customer 511,2533,Activo
PERF-000512,Customer 512,2536,Inactivo
PERF-000513,Customer 513,2539,Pendiente
PERF-000514,Customer 514,2542,Inactivo
PERF-000515,Customer 515,2545,Activo
PERF-000516,Customer 516,2548,Pendiente
PERF-000517,Customer 517,2551,Activo
PERF-000518,Customer 518,2554,Inactivo
PERF-000519,Customer 519,2557,Pendiente
PERF-000520,Customer 520,2560,Inactivo
PERF-000521,Customer 521,2563,Activo
PERF-000522,Customer 522,2566,Pendiente
PERF-000523,Customer 523,2569,Activo
PERF-000524,Customer 524,2572,Inactivo
PERF-000525,Customer 525,2575,Pendiente
PERF-000526,Customer 526,2578,Inactivo
PERF-000527,Customer 527,2581,Activo
PERF-000528,Customer 528,2584,Pendiente
PERF-000529,Customer 529,2587,Activo
PERF-000530,Customer 530,2590,Inactivo
PERF-000531,Customer 531,2593,Pendiente
PERF-000532,Customer 532,2596,Inactivo
PERF-000533,Customer 533,2599,Activo
PERF-000534,Customer 534,2602,Pendiente
PERF-000535,Customer 535,2605,Activo
PERF-000536,Customer 536,2608,Inactivo
PERF-000537,Customer 537,2611,Pendiente
PERF-000538,Customer 538,2614,Inactivo
PERF-000539,Customer 539,2617,Activo
PERF-000540,Customer 540,2620,Pendiente
PERF-000541,Customer 541,2623,Activo
PERF-000542,Customer 542,2626,Inactivo
PERF-000543,Customer 543,2629,Pendiente
PERF-000544,Customer 544,2632,Inactivo
PERF-000545,Customer 545,2635,Activo
PERF-000546,Customer 546,2638,Pendiente
PERF-000547,Customer 547,2641,Activo
PERF-000548,Customer 548,2644,Inactivo
PERF-000549,Customer 549,2647,Pendiente
PERF-000550,Customer 550,2650,Inactivo
PERF-000551,Customer 551,2653,Activo
PERF-000552,Customer 552,2656,Pendiente
PERF-000553,Customer 553,2659,Activo
PERF-000554,Customer 554,2662,Inactivo
PERF-000555,Customer 555,2665,Pendiente
PERF-000556,Customer 556,2668,Inactivo
PERF-000557,Customer 557,2671,Activo
PERF-000558,Customer 558,2674,Pendiente
PERF-000559,Customer 559,2677,Activo
PERF-000560,Customer 560,2680,Inactivo
PERF-000561,Customer 561,2683,Pendiente
PERF-000562,Customer 562,2686,Inactivo
PERF-000563,Customer 563,2689,Activo
PERF-000564,Customer 564,2692,Pendiente
PERF-000565,Customer 565,2695,Activo
PERF-000566,Customer 566,2698,Inactivo
PERF-000567,Customer 567,2701,Pendiente
PERF-000568,Customer 568,2704,Inactivo
PERF-000569,Customer 569,2707,Activo
PERF-000570,Customer 570,2710,Pendiente
PERF-000571,Customer 571,2713,Activo
PERF-000572,Customer 572,2716,Inactivo
PERF-000573,Customer 573,2719,Pendiente
PERF-000574,Customer 574,2722,Inactivo
PERF-000575,Customer 575,2725,Activo
PERF-000576,Customer 576,2728,Pendiente
PERF-000577,Customer 577,2731,Activo
PERF-000578,Customer 578,2734,Inactivo
PERF-000579,Customer 579,2737,Pendiente
PERF-000580,Customer 580,2740,Inactivo
PERF-000581,Customer 581,2743,Activo
PERF-000582,Customer 582,2746,Pendiente
PERF-000583,Customer 583,2749,Activo
PERF-000584,Customer 584,2752,Inactivo
PERF-000585,Customer 585,2755,Pendiente
PERF-000586,Customer 586,2758,Inactivo
PERF-000587,Customer 587,2761,Activo
PERF-000588,Customer 588,2764,Pendiente
PERF-000589,Customer 589,2767,Activo
PERF-000590,Customer 590,2770,Inactivo
PERF-000591,Customer 591,2773,Pendiente
PERF-000592,Customer 592,2776,Inactivo
PERF-000593,Customer 593,2779,Activo
PERF-000594,Customer 594,2782,Pendiente
PERF-000595,Customer 595,2785,Activo
PERF-000596,Customer 596,2788,Inactivo
PERF-000597,Customer 597,2791,Pendiente
PERF-000598,Customer 598,2794,Inactivo
PERF-000599,Customer 599,2797,Activo
PERF-000600,Customer 600,2800,Pendiente
PERF-000601,Customer 601,2803,Activo
PERF-000602,Customer 602,2806,Inactivo
PERF-000603,Customer 603,2809,Pendiente
PERF-000604,Customer 604,2812,Inactivo
PERF-000605,Customer 605,2815,Activo
PERF-000606,Customer 606,2818,Pendiente
PERF-000607,Customer 607,2821,Activo
PERF-000608,Customer 608,2824,Inactivo
PERF-000609,Customer 609,2827,Pendiente
PERF-000610,Customer 610,2830,Inactivo
PERF-000611,Customer 611,2833,Activo
PERF-000612,Customer 612,2836,Pendiente
PERF-000613,Customer 613,2839,Activo
PERF-000614,Customer 614,2842,Inactivo
PERF-000615,Customer 615,2845,Pendiente
PERF-000616,Customer 616,2848,Inactivo
PERF-000617,Customer 617,2851,Activo
PERF-000618,Customer 618,2854,Pendiente
PERF-000619,Customer 619,2857,Activo
PERF-000620,Customer 620,2860,Inactivo
PERF-000621,Customer 621,2863,Pendiente
PERF-000622,Customer 622,2866,Inactivo
PERF-000623,Customer 623,2869,Activo
PERF-000624,Customer 624,2872,Pendiente
PERF-000625,Customer 625,2875,Activo
PERF-000626,Customer 626,2878,Inactivo
PERF-000627,Customer 627,2881,Pendiente
PERF-000628,Customer 628,2884,Inactivo
PERF-000629,Customer 629,2887,Activo
PERF-000630,Customer 630,2890,Pendiente
PERF-000631,Customer 631,2893,Activo
PERF-000632,Customer 632,2896,Inactivo
PERF-000633,Customer 633,2899,Pendiente
PERF-000634,Customer 634,2902,Inactivo
PERF-000635,Customer 635,2905,Activo
PERF-000636,Customer 636,2908,Pendiente
PERF-000637,Customer 637,2911,Activo
PERF-000638,Customer 638,2914,Inactivo
PERF-000639,Customer 639,2917,Pendiente
PERF-000640,Customer 640,2920,Inactivo
PERF-000641,Customer 641,2923,Activo
PERF-000642,Customer 642,2926,Pendiente
PERF-000643,Customer 643,2929,Activo
PERF-000644,Customer 644,2932,Inactivo
PERF-000645,Customer 645,2935,Pendiente
PERF-000646,Customer 646,2938,Inactivo
PERF-000647,Customer 647,2941,Activo
PERF-000648,Customer 648,2944,Pendiente
PERF-000649,Customer 649,2947,Activo
PERF-000650,Customer 650,2950,Inactivo
PERF-000651,Customer 651,2953,Pendiente
PERF-000652,Customer 652,2956,Inactivo
PERF-000653,Customer 653,2959,Activo
PERF-000654,Customer 654,2962,Pendiente
PERF-000655,Customer 655,2965,Activo
PERF-000656,Customer 656,2968,Inactivo
PERF-000657,Customer 657,2971,Pendiente
PERF-000658,Customer 658,2974,Inactivo
PERF-000659,Customer 659,2977,Activo
PERF-000660,Customer 660,2980,Pendiente
PERF-000661,Customer 661,2983,Activo
PERF-000662,Customer 662,2986,Inactivo
PERF-000663,Customer 663,2989,Pendiente
PERF-000664,Customer 664,2992,Inactivo
PERF-000665,Customer 665,2995,Activo
PERF-000666,Customer 666,2998,Pendiente
PERF-000667,Customer 667,3001,Activo
PERF-000668,Customer 668,3004,Inactivo
PERF-000669,Customer 669,3007,Pendiente
PERF-000670,Customer 670,3010,Inactivo
PERF-000671,Customer 671,3013,Activo
PERF-000672,Customer 672,3016,Pendiente
PERF-000673,Customer 673,3019,Activo
PERF-000674,Customer 674,3022,Inactivo
PERF-000675,Customer 675,3025,Pendiente
PERF-000676,Customer 676,3028,Inactivo
PERF-000677,Customer 677,3031,Activo
PERF-000678,Customer 678,3034,Pendiente
PERF-000679,Customer 679,3037,Activo
PERF-000680,Customer 680,3040,Inactivo
PERF-000681,Customer 681,3043,Pendiente
PERF-000682,Customer 682,3046,Inactivo
PERF-000683,Customer 683,3049,Activo
PERF-000684,Customer 684,3052,Pendiente
PERF-000685,Customer 685,3055,Activo
PERF-000686,Customer 686,3058,Inactivo
PERF-000687,Customer 687,3061,Pendiente
PERF-000688,Customer 688,3064,Inactivo
PERF-000689,Customer 689,3067,Activo
PERF-000690,Customer 690,3070,Pendiente
PERF-000691,Customer 691,3073,Activo
PERF-000692,Customer 692,3076,Inactivo
PERF-000693,Customer 693,3079,Pendiente
PERF-000694,Customer 694,3082,Inactivo
PERF-000695,Customer 695,3085,Activo
PERF-000696,Customer 696,3088,Pendiente
PERF-000697,Customer 697,3091,Activo
PERF-000698,Customer 698,3094,Inactivo
PERF-000699,Customer 699,3097,Pendiente
PERF-000700,Customer 700,3100,Inactivo
PERF-000701,Customer 701,3103,Activo
PERF-000702,Customer 702,3106,Pendiente
PERF-000703,Customer 703,3109,Activo
PERF-000704,Customer 704,3112,Inactivo
PERF-000705,Customer 705,3115,Pendiente
PERF-000706,Customer 706,3118,Inactivo
PERF-000707,Customer 707,3121,Activo
PERF-000708,Customer 708,3124,Pendiente
PERF-000709,Customer 709,3127,Activo
PERF-000710,Customer 710,3130,Inactivo
PERF-000711,Customer 711,3133,Pendiente
PERF-000712,Customer 712,3136,Inactivo
PERF-000713,Customer 713,3139,Activo
PERF-000714,Customer 714,3142,Pendiente
PERF-000715,Customer 715,3145,Activo
PERF-000716,Customer 716,3148,Inactivo
PERF-000717,Customer 717,3151,Pendiente
PERF-000718,Customer 718,3154,Inactivo
PERF-000719,Customer 719,3157,Activo
PERF-000720,Customer 720,3160,Pendiente
PERF-000721,Customer 721,3163,Activo
PERF-000722,Customer 722,3166,Inactivo
PERF-000723,Customer 723,3169,Pendiente
PERF-000724,Customer 724,3172,Inactivo
PERF-000725,Customer 725,3175,Activo
PERF-000726,Customer 726,3178,Pendiente
PERF-000727,Customer 727,3181,Activo
PERF-000728,Customer 728,3184,Inactivo
PERF-000729,Customer 729,3187,Pendiente
PERF-000730,Customer 730,3190,Inactivo
PERF-000731,Customer 731,3193,Activo
PERF-000732,Customer 732,3196,Pendiente
PERF-000733,Customer 733,3199,Activo
PERF-000734,Customer 734,3202,Inactivo
PERF-000735,Customer 735,3205,Pendiente
PERF-000736,Customer 736,3208,Inactivo
PERF-000737,Customer 737,3211,Activo
PERF-000738,Customer 738,3214,Pendiente
PERF-000739,Customer 739,3217,Activo
PERF-000740,Customer 740,3220,Inactivo
PERF-000741,Customer 741,3223,Pendiente
PERF-000742,Customer 742,3226,Inactivo
PERF-000743,Customer 743,3229,Activo
PERF-000744,Customer 744,3232,Pendiente
PERF-000745,Customer 745,3235,Activo
PERF-000746,Customer 746,3238,Inactivo
PERF-000747,Customer 747,3241,Pendiente
PERF-000748,Customer 748,3244,Inactivo
PERF-000749,Customer 749,3247,Activo
PERF-000750,Customer 750,3250,Pendiente
PERF-000751,Customer 751,3253,Activo
PERF-000752,Customer 752,3256,Inactivo
PERF-000753,Customer 753,3259,Pendiente
PERF-000754,Customer 754,3262,Inactivo
PERF-000755,Customer 755,3265,Activo
PERF-000756,Customer 756,3268,Pendiente
PERF-000757,Customer 757,3271,Activo
PERF-000758,Customer 758,3274,Inactivo
PERF-000759,Customer 759,3277,Pendiente
PERF-000760,Customer 760,3280,Inactivo
PERF-000761,Customer 761,3283,Activo
PERF-000762,Customer 762,3286,Pendiente
PERF-000763,Customer 763,3289,Activo
PERF-000764,Customer 764,3292,Inactivo
PERF-000765,Customer 765,3295,Pendiente
PERF-000766,Customer 766,3298,Inactivo
PERF-000767,Customer 767,3301,Activo
PERF-000768,Customer 768,3304,Pendiente
PERF-000769,Customer 769,3307,Activo
PERF-000770,Customer 770,3310,Inactivo
PERF-000771,Customer 771,3313,Pendiente
PERF-000772,Customer 772,3316,Inactivo
PERF-000773,Customer 773,3319,Activo
PERF-000774,Customer 774,3322,Pendiente
PERF-000775,Customer 775,3325,Activo
PERF-000776,Customer 776,3328,Inactivo
PERF-000777,Customer 777,3331,Pendiente
PERF-000778,Customer 778,3334,Inactivo
PERF-000779,Customer 779,3337,Activo
PERF-000780,Customer 780,3340,Pendiente
PERF-000781,Customer 781,3343,Activo
PERF-000782,Customer 782,3346,Inactivo
PERF-000783,Customer 783,3349,Pendiente
PERF-000784,Customer 784,3352,Inactivo
PERF-000785,Customer 785,3355,Activo
PERF-000786,Customer 786,3358,Pendiente
PERF-000787,Customer 787,3361,Activo
PERF-000788,Customer 788,3364,Inactivo
PERF-000789,Customer 789,3367,Pendiente
PERF-000790,Customer 790,3370,Inactivo
PERF-000791,Customer 791,3373,Activo
PERF-000792,Customer 792,3376,Pendiente
PERF-000793,Customer 793,3379,Activo
PERF-000794,Customer 794,3382,Inactivo
PERF-000795,Customer 795,3385,Pendiente
PERF-000796,Customer 796,3388,Inactivo
PERF-000797,Customer 797,3391,Activo
PERF-000798,Customer 798,3394,Pendiente
PERF-000799,Customer 799,3397,Activo
PERF-000800,Customer 800,3400,Inactivo
PERF-000801,Customer 801,3403,Pendiente
PERF-000802,Customer 802,3406,Inactivo
PERF-000803,Customer 803,3409,Activo
PERF-000804,Customer 804,3412,Pendiente
PERF-000805,Customer 805,3415,Activo
PERF-000806,Customer 806,3418,Inactivo
PERF-000807,Customer 807,3421,Pendiente
PERF-000808,Customer 808,3424,Inactivo
PERF-000809,Customer 809,3427,Activo
PERF-000810,Customer 810,3430,Pendiente
PERF-000811,Customer 811,3433,Activo
PERF-000812,Customer 812,3436,Inactivo
PERF-000813,Customer 813,3439,Pendiente
PERF-000814,Customer 814,3442,Inactivo
PERF-000815,Customer 815,3445,Activo
PERF-000816,Customer 816,3448,Pendiente
PERF-000817,Customer 817,3451,Activo
PERF-000818,Customer 818,3454,Inactivo
PERF-000819,Customer 819,3457,Pendiente
PERF-000820,Customer 820,3460,Inactivo
PERF-000821,Customer 821,3463,Activo
PERF-000822,Customer 822,3466,Pendiente
PERF-000823,Customer 823,3469,Activo
PERF-000824,Customer 824,3472,Inactivo
PERF-000825,Customer 825,3475,Pendiente
PERF-000826,Customer 826,3478,Inactivo
PERF-000827,Customer 827,3481,Activo
PERF-000828,Customer 828,3484,Pendiente
PERF-000829,Customer 829,3487,Activo
PERF-000830,Customer 830,3490,Inactivo
PERF-000831,Customer 831,3493,Pendiente
PERF-000832,Customer 832,3496,Inactivo
PERF-000833,Customer 833,3499,Activo
PERF-000834,Customer 834,3502,Pendiente
PERF-000835,Customer 835,3505,Activo
PERF-000836,Customer 836,3508,Inactivo
PERF-000837,Customer 837,3511,Pendiente
PERF-000838,Customer 838,3514,Inactivo
PERF-000839,Customer 839,3517,Activo
PERF-000840,Customer 840,3520,Pendiente
PERF-000841,Customer 841,3523,Activo
PERF-000842,Customer 842,3526,Inactivo
PERF-000843,Customer 843,3529,Pendiente
PERF-000844,Customer 844,3532,Inactivo
PERF-000845,Customer 845,3535,Activo
PERF-000846,Customer 846,3538,Pendiente
PERF-000847,Customer 847,3541,Activo
PERF-000848,Customer 848,3544,Inactivo
PERF-000849,Customer 849,3547,Pendiente
PERF-000850,Customer 850,3550,Inactivo
PERF-000851,Customer 851,3553,Activo
PERF-000852,Customer 852,3556,Pendiente
PERF-000853,Customer 853,3559,Activo
PERF-000854,Customer 854,3562,Inactivo
PERF-000855,Customer 855,3565,Pendiente
PERF-000856,Customer 856,3568,Inactivo
PERF-000857,Customer 857,3571,Activo
PERF-000858,Customer 858,3574,Pendiente
PERF-000859,Customer 859,3577,Activo
PERF-000860,Customer 860,3580,Inactivo
PERF-000861,Customer 861,3583,Pendiente
PERF-000862,Customer 862,3586,Inactivo
PERF-000863,Customer 863,3589,Activo
PERF-000864,Customer 864,3592,Pendiente
PERF-000865,Customer 865,3595,Activo
PERF-000866,Customer 866,3598,Inactivo
PERF-000867,Customer 867,3601,Pendiente
PERF-000868,Customer 868,3604,Inactivo
PERF-000869,Customer 869,3607,Activo
PERF-000870,Customer 870,3610,Pendiente
PERF-000871,Customer 871,3613,Activo
PERF-000872,Customer 872,3616,Inactivo
PERF-000873,Customer 873,3619,Pendiente
PERF-000874,Customer 874,3622,Inactivo
PERF-000875,Customer 875,3625,Activo
PERF-000876,Customer 876,3628,Pendiente
PERF-000877,Customer 877,3631,Activo
PERF-000878,Customer 878,3634,Inactivo
PERF-000879,Customer 879,3637,Pendiente
PERF-000880,Customer 880,3640,Inactivo
PERF-000881,Customer 881,3643,Activo
PERF-000882,Customer 882,3646,Pendiente
PERF-000883,Customer 883,3649,Activo
PERF-000884,Customer 884,3652,Inactivo
PERF-000885,Customer 885,3655,Pendiente
PERF-000886,Customer 886,3658,Inactivo
PERF-000887,Customer 887,3661,Activo
PERF-000888,Customer 888,3664,Pendiente
PERF-000889,Customer 889,3667,Activo
PERF-000890,Customer 890,3670,Inactivo
PERF-000891,Customer 891,3673,Pendiente
PERF-000892,Customer 892,3676,Inactivo
PERF-000893,Customer 893,3679,Activo
PERF-000894,Customer 894,3682,Pendiente
PERF-000895,Customer 895,3685,Activo
PERF-000896,Customer 896,3688,Inactivo
PERF-000897,Customer 897,3691,Pendiente
PERF-000898,Customer 898,3694,Inactivo
PERF-000899,Customer 899,3697,Activo
PERF-000900,Customer 900,3700,Pendiente
PERF-000901,Customer 901,3703,Activo
PERF-000902,Customer 902,3706,Inactivo
PERF-000903,Customer 903,3709,Pendiente
PERF-000904,Customer 904,3712,Inactivo
PERF-000905,Customer 905,3715,Activo
PERF-000906,Customer 906,3718,Pendiente
PERF-000907,Customer 907,3721,Activo
PERF-000908,Customer 908,3724,Inactivo
PERF-000909,Customer 909,3727,Pendiente
PERF-000910,Customer 910,3730,Inactivo
PERF-000911,Customer 911,3733,Activo
PERF-000912,Customer 912,3736,Pendiente
PERF-000913,Customer 913,3739,Activo
PERF-000914,Customer 914,3742,Inactivo
PERF-000915,Customer 915,3745,Pendiente
PERF-000916,Customer 916,3748,Inactivo
PERF-000917,Customer 917,3751,Activo
PERF-000918,Customer 918,3754,Pendiente
PERF-000919,Customer 919,3757,Activo
PERF-000920,Customer 920,3760,Inactivo
PERF-000921,Customer 921,3763,Pendiente
PERF-000922,Customer 922,3766,Inactivo
PERF-000923,Customer 923,3769,Activo
PERF-000924,Customer 924,3772,Pendiente
PERF-000925,Customer 925,3775,Activo
PERF-000926,Customer 926,3778,Inactivo
PERF-000927,Customer 927,3781,Pendiente
PERF-000928,Customer 928,3784,Inactivo
PERF-000929,Customer 929,3787,Activo
PERF-000930,Customer 930,3790,Pendiente
PERF-000931,Customer 931,3793,Activo
PERF-000932,Customer 932,3796,Inactivo
PERF-000933,Customer 933,3799,Pendiente
PERF-000934,Customer 934,3802,Inactivo
PERF-000935,Customer 935,3805,Activo
PERF-000936,Customer 936,3808,Pendiente
PERF-000937,Customer 937,3811,Activo
PERF-000938,Customer 938,3814,Inactivo
PERF-000939,Customer 939,3817,Pendiente
PERF-000940,Customer 940,3820,Inactivo
PERF-000941,Customer 941,3823,Activo
PERF-000942,Customer 942,3826,Pendiente
PERF-000943,Customer 943,3829,Activo
PERF-000944,Customer 944,3832,Inactivo
PERF-000945,Customer 945,3835,Pendiente
PERF-000946,Customer 946,3838,Inactivo
PERF-000947,Customer 947,3841,Activo
PERF-000948,Customer 948,3844,Pendiente
PERF-000949,Customer 949,3847,Activo
PERF-000950,Customer 950,3850,Inactivo
PERF-000951,Customer 951,3853,Pendiente
PERF-000952,Customer 952,3856,Inactivo
PERF-000953,Customer 953,3859,Activo
PERF-000954,Customer 954,3862,Pendiente
PERF-000955,Customer 955,3865,Activo
PERF-000956,Customer 956,3868,Inactivo
PERF-000957,Customer 957,3871,Pendiente
PERF-000958,Customer 958,3874,Inactivo
PERF-000959,Customer 959,3877,Activo
PERF-000960,Customer 960,3880,Pendiente
PERF-000961,Customer 961,3883,Activo
PERF-000962,Customer 962,3886,Inactivo
PERF-000963,Customer 963,3889,Pendiente
PERF-000964,Customer 964,3892,Inactivo
PERF-000965,Customer 965,3895,Activo
PERF-000966,Customer 966,3898,Pendiente
PERF-000967,Customer 967,3901,Activo
PERF-000968,Customer 968,3904,Inactivo
PERF-000969,Customer 969,3907,Pendiente
PERF-000970,Customer 970,3910,Inactivo
PERF-000971,Customer 971,3913,Activo
PERF-000972,Customer 972,3916,Pendiente
PERF-000973,Customer 973,3919,Activo
PERF-000974,Customer 974,3922,Inactivo
PERF-000975,Customer 975,3925,Pendiente
PERF-000976,Customer 976,3928,Inactivo
PERF-000977,Customer 977,3931,Activo
PERF-000978,Customer 978,3934,Pendiente
PERF-000979,Customer 979,3937,Activo
PERF-000980,Customer 980,3940,Inactivo
PERF-000981,Customer 981,3943,Pendiente
PERF-000982,Customer 982,3946,Inactivo
PERF-000983,Customer 983,3949,Activo
PERF-000984,Customer 984,3952,Pendiente
PERF-000985,Customer 985,3955,Activo
PERF-000986,Customer 986,3958,Inactivo
PERF-000987,Customer 987,3961,Pendiente
PERF-000988,Customer 988,3964,Inactivo
PERF-000989,Customer 989,3967,Activo
PERF-000990,Customer 990,3970,Pendiente
PERF-000991,Customer 991,3973,Activo
PERF-000992,Customer 992,3976,Inactivo
PERF-000993,Customer 993,3979,Pendiente
PERF-000994,Customer 994,3982,Inactivo
PERF-000995,Customer 995,3985,Activo
PERF-000996,Customer 996,3988,Pendiente
PERF-000997,Customer 997,3991,Activo
PERF-000998,Customer 998,3994,Inactivo
PERF-000999,Customer 999,3997,Pendiente
PERF-001000,Customer 1000,4000,Inactivo
